"Recipient BUSINESS NAME","Recipient PREFIX (Mr., Mrs., etc.)","Recipient FIRST  NAME","Recipient LAST NAME","Recipient ADDRESS 1","Recipient ADDRESS 2","Recipient CITY ","Recipient STATE","Recipient  ZIP","Recipient BIRTH DATE","Recipient EMAIL ADDRESS","Recipient MESSAGE"
"CWWPCTEST1","Mr.","First1","Last1","Address11","Address21","Columbia","SC","29201",01/01/01,"CWWPCTest1@leveragedmedia.com","CWWPCTEST1 Message Test 1"
"CWWPCTEST2","Mrs.","First2","Last2","Address12","Address22","Columbia","SC","29202",01/02/01,"CWWPCTest2@leveragedmedia.com","CWWPCTEST1 Message Test 2"
"CWWPCTEST3","Ms.","First3","Last3","Address13","Address23","Columbia","SC","29203",01/03/01,"CWWPCTest3@leveragedmedia.com","CWWPCTEST1 Message Test 3"
"CWWPCTEST4","Miss","First4","Last4","Address14","Address24","Columbia","SC","29204",01/04/01,"CWWPCTest4@leveragedmedia.com","CWWPCTEST1 Message Test 4"
"CWWPCTEST5","Buster","First5","Last5","Address15","Address25","Columbia","SC","29205",01/05/01,"CWWPCTest5@leveragedmedia.com","CWWPCTEST1 Message Test 5"
