Recipient BUSINESS NAME,"Recipient PREFIX (Mr., Mrs., Ms., Dr., etc.)",Recipient FIRST  NAME,Recipient LAST NAME,Recipient ADDRESS 1,Recipient ADDRESS 2,Recipient CITY ,Recipient STATE,Recipient  ZIP,Recipient BIRTH DATE,Recipient EMAIL ADDRESS,Recipient MESSAGE
D1Business Name,D1Prefix,D1First,D1Last,D1Address1,D1Address2,D1City,DB,1010,36892,D1@leveragedmedia.com,D1message
D2Business Name,D2Prefix,D2First,D2Last,D2Address1,D2Address2,D2City,DB,2020,36893,D2@leveragedmedia.com,D2message
D3Business Name,D3Prefix,D3First,D3Last,D3Address1,D3Address2,D3City,DB,3030,36894,D3@leveragedmedia.com,D3message
D4Business Name,D4Prefix,D4First,D4Last,D4Address1,D4Address2,D4City,DB,4040,36895,D4@leveragedmedia.com,D4message
D5Business Name,D5Prefix,D5First,D5Last,D5Address1,D5Address2,D5City,DB,5050,36896,D5@leveragedmedia.com,D5message
D6Business Name,D6Prefix,D6First,D6Last,D6Address1,D6Address2,D6City,DB,6060,36897,D6@leveragedmedia.com,D6message
D7Business Name,D7Prefix,D7First,D7Last,D7Address1,D7Address2,D7City,DB,7070,36898,D7@leveragedmedia.com,D7message
D8Business Name,D8Prefix,D8First,D8Last,D8Address1,D8Address2,D8City,DB,8080,36899,D8@leveragedmedia.com,D8message
D9Business Name,D9Prefix,D9First,D9Last,D9Address1,D9Address2,D9City,DB,9090,36900,D9@leveragedmedia.com,D9message
D10Business Name,D10Prefix,D10First,D10Last,D10Address1,D10Address2,D10City,DB,10100,36901,,D10message
D11Business Name,D11Prefix,D11First,D11Last,D11Address1,D11Address2,D11City,DB,11110,36902,,D11message
D12Business Name,D12Prefix,D12First,D12Last,D12Address1,D12Address2,D12City,DB,12120,36903,,D12message
D13Business Name,D13Prefix,D13First,D13Last,D13Address1,D13Address2,D13City,DB,13130,36904,D13@leveragedmedia.com,D13message
D14Business Name,D14Prefix,D14First,D14Last,D14Address1,D14Address2,D14City,DB,14140,36905,D14@leveragedmedia.com,D14message
D15Business Name,D15Prefix,D15First,D15Last,D15Address1,D15Address2,D15City,DB,15150,36906,D15@leveragedmedia.com,D15message
D16Business Name,D16Prefix,D16First,D16Last,D16Address1,D16Address2,D16City,DB,16160,36907,D16@leveragedmedia.com,D16message
D17Business Name,D17Prefix,D17First,D17Last,D17Address1,D17Address2,D17City,DB,17170,36908,D17@leveragedmedia.com,D17message
D18Business Name,D18Prefix,D18First,D18Last,D18Address1,D18Address2,D18City,DB,18180,36909,D18@leveragedmedia.com,D18message
D19Business Name,D19Prefix,D19First,D19Last,D19Address1,D19Address2,D19City,DB,19190,36910,D19@leveragedmedia.com,D19message
D20Business Name,D20Prefix,D20First,D20Last,D20Address1,D20Address2,D20City,DB,20200,36911,D20@leveragedmedia.com,D20message
D21Business Name,D21Prefix,D21First,D21Last,D21Address1,D21Address2,D21City,DB,21210,36912,D21@leveragedmedia.com,D21message
D22Business Name,D22Prefix,D22First,D22Last,D22Address1,D22Address2,D22City,DB,22220,36913,D22@leveragedmedia.com,D22message
D23Business Name,D23Prefix,D23First,D23Last,D23Address1,D23Address2,D23City,DB,23230,36914,D23@leveragedmedia.com,D23message
D24Business Name,D24Prefix,D24First,D24Last,D24Address1,D24Address2,D24City,DB,24240,36915,D24@leveragedmedia.com,D24message
D25Business Name,D25Prefix,D25First,D25Last,D25Address1,D25Address2,D25City,DB,25250,36916,D25@leveragedmedia.com,D25message
D26Business Name,D26Prefix,D26First,D26Last,D26Address1,D26Address2,D26City,DB,26260,36917,D26@leveragedmedia.com,D26message
D27Business Name,D27Prefix,D27First,D27Last,D27Address1,D27Address2,D27City,DB,27270,36918,D27@leveragedmedia.com,D27message
D28Business Name,D28Prefix,D28First,D28Last,D28Address1,D28Address2,D28City,DB,28280,36919,D28@leveragedmedia.com,D28message
D29Business Name,D29Prefix,D29First,D29Last,D29Address1,D29Address2,D29City,DB,29290,36920,D29@leveragedmedia.com,D29message
D30Business Name,D30Prefix,D30First,D30Last,D30Address1,D30Address2,D30City,DB,30300,36921,D30@leveragedmedia.com,D30message
D31Business Name,D31Prefix,D31First,D31Last,D31Address1,D31Address2,D31City,DB,31310,36922,D31@leveragedmedia.com,D31message
D32Business Name,D32Prefix,D32First,D32Last,D32Address1,D32Address2,D32City,DB,32320,36923,D32@leveragedmedia.com,D32message
D33Business Name,D33Prefix,D33First,D33Last,D33Address1,D33Address2,D33City,DB,33330,36924,D33@leveragedmedia.com,D33message
D34Business Name,D34Prefix,D34First,D34Last,D34Address1,D34Address2,D34City,DB,34340,36925,D34@leveragedmedia.com,D34message
D35Business Name,D35Prefix,D35First,D35Last,D35Address1,D35Address2,D35City,DB,35350,36926,D35@leveragedmedia.com,D35message
D36Business Name,D36Prefix,D36First,D36Last,D36Address1,D36Address2,D36City,DB,36360,36927,D36@leveragedmedia.com,D36message
D37Business Name,D37Prefix,D37First,D37Last,D37Address1,D37Address2,D37City,DB,37370,36928,D37@leveragedmedia.com,D37message
D38Business Name,D38Prefix,D38First,D38Last,,,D38City,DB,38380,36929,D38@leveragedmedia.com,D38message
D39Business Name,D39Prefix,D39First,D39Last,,,D39City,DB,39390,36930,D39@leveragedmedia.com,D39message
D40Business Name,D40Prefix,D40First,D40Last,,,D40City,DB,40400,36931,D40@leveragedmedia.com,D40message
D41Business Name,D41Prefix,D41First,D41Last,D41Address1,D41Address2,D41City,DB,41410,36932,D41@leveragedmedia.com,D41message
D42Business Name,D42Prefix,D42First,D42Last,D42Address1,D42Address2,D42City,DB,42420,36933,D42@leveragedmedia.com,D42message
D43Business Name,D43Prefix,D43First,D43Last,D43Address1,D43Address2,D43City,DB,43430,36934,D43@leveragedmedia.com,D43message
D44Business Name,D44Prefix,D44First,D44Last,D44Address1,D44Address2,D44City,DB,44440,36935,D44@leveragedmedia.com,D44message
D45Business Name,D45Prefix,D45First,D45Last,D45Address1,D45Address2,D45City,DB,45450,36936,D45@leveragedmedia.com,D45message
D46Business Name,D46Prefix,D46First,D46Last,D46Address1,D46Address2,D46City,DB,46460,36937,D46@leveragedmedia.com,D46message
D47Business Name,D47Prefix,D47First,D47Last,D47Address1,D47Address2,D47City,DB,47470,36938,D47@leveragedmedia.com,D47message
D48Business Name,D48Prefix,D48First,D48Last,D48Address1,D48Address2,D48City,DB,48480,36939,D48@leveragedmedia.com,D48message
D49Business Name,D49Prefix,D49First,D49Last,D49Address1,D49Address2,D49City,DB,49490,36940,D49@leveragedmedia.com,D49message
D50Business Name,D50Prefix,D50First,D50Last,D50Address1,D50Address2,D50City,DB,50500,36941,D50@leveragedmedia.com,D50message
