Recipient BUSINESS NAME,"Recipient PREFIX (Mr., Mrs., Ms., Dr., etc.)",Recipient FIRST  NAME,Recipient LAST NAME,Recipient ADDRESS 1,Recipient ADDRESS 2,Recipient CITY ,Recipient STATE,Recipient  ZIP,Recipient BIRTH DATE,Recipient EMAIL ADDRESS,Recipient MESSAGE
E1Business Name,E1Prefix,E1First,E1Last,E1Address1,E1Address2,E1City,EB,1010,36892,E1@leveragedmedia.com,E1message
E2Business Name,E2Prefix,E2First,E2Last,E2Address1,E2Address2,E2City,EB,2020,36893,E2@leveragedmedia.com,E2message
E3Business Name,E3Prefix,E3First,E3Last,E3Address1,E3Address2,E3City,EB,3030,36894,E3@leveragedmedia.com,E3message
E4Business Name,E4Prefix,E4First,E4Last,E4Address1,E4Address2,E4City,EB,4040,36895,E4@leveragedmedia.com,E4message
E5Business Name,E5Prefix,E5First,E5Last,E5Address1,E5Address2,E5City,EB,5050,36896,E5@leveragedmedia.com,E5message
E6Business Name,E6Prefix,E6First,E6Last,E6Address1,E6Address2,E6City,EB,6060,36897,E6@leveragedmedia.com,E6message
E7Business Name,E7Prefix,E7First,E7Last,E7Address1,E7Address2,E7City,EB,7070,36898,E7@leveragedmedia.com,E7message
E8Business Name,E8Prefix,E8First,E8Last,E8Address1,E8Address2,E8City,EB,8080,36899,E8@leveragedmedia.com,E8message
E9Business Name,E9Prefix,E9First,E9Last,E9Address1,E9Address2,E9City,EB,9090,36900,E9@leveragedmedia.com,E9message
E10Business Name,E10Prefix,E10First,E10Last,E10Address1,E10Address2,E10City,EB,10100,36901,E10@leveragedmedia.com,E10message
E11Business Name,E11Prefix,E11First,E11Last,E11Address1,E11Address2,E11City,EB,11110,36902,E11@leveragedmedia.com,E11message
E12Business Name,E12Prefix,E12First,E12Last,E12Address1,E12Address2,E12City,EB,12120,36903,E12@leveragedmedia.com,E12message
E13Business Name,E13Prefix,E13First,E13Last,E13Address1,E13Address2,E13City,EB,13130,36904,E13@leveragedmedia.com,E13message
E14Business Name,E14Prefix,E14First,E14Last,E14Address1,E14Address2,E14City,EB,14140,36905,E14@leveragedmedia.com,E14message
E15Business Name,E15Prefix,E15First,E15Last,E15Address1,E15Address2,E15City,EB,15150,36906,E15@leveragedmedia.com,E15message
E16Business Name,E16Prefix,E16First,E16Last,E16Address1,E16Address2,E16City,EB,16160,36907,E16@leveragedmedia.com,E16message
E17Business Name,E17Prefix,E17First,E17Last,E17Address1,E17Address2,E17City,EB,17170,36908,E17@leveragedmedia.com,E17message
E18Business Name,E18Prefix,E18First,E18Last,E18Address1,E18Address2,E18City,EB,18180,36909,E18@leveragedmedia.com,E18message
E19Business Name,E19Prefix,E19First,E19Last,E19Address1,E19Address2,E19City,EB,19190,36910,E19@leveragedmedia.com,E19message
E20Business Name,E20Prefix,E20First,E20Last,E20Address1,E20Address2,E20City,EB,20200,36911,E20@leveragedmedia.com,E20message
E21Business Name,E21Prefix,E21First,E21Last,E21Address1,E21Address2,E21City,EB,21210,36912,E21@leveragedmedia.com,E21message
E22Business Name,E22Prefix,E22First,E22Last,E22Address1,E22Address2,E22City,EB,22220,36913,E22@leveragedmedia.com,E22message
E23Business Name,E23Prefix,E23First,E23Last,E23Address1,E23Address2,E23City,EB,23230,36914,E23@leveragedmedia.com,E23message
E24Business Name,E24Prefix,E24First,E24Last,E24Address1,E24Address2,E24City,EB,24240,36915,E24@leveragedmedia.com,E24message
E25Business Name,E25Prefix,E25First,E25Last,E25Address1,E25Address2,E25City,EB,25250,36916,E25@leveragedmedia.com,E25message
E26Business Name,E26Prefix,E26First,E26Last,E26Address1,E26Address2,E26City,EB,26260,36917,E26@leveragedmedia.com,E26message
E27Business Name,E27Prefix,E27First,E27Last,E27Address1,E27Address2,E27City,EB,27270,36918,E27@leveragedmedia.com,E27message
E28Business Name,E28Prefix,E28First,E28Last,E28Address1,E28Address2,E28City,EB,28280,36919,E28@leveragedmedia.com,E28message
E29Business Name,E29Prefix,E29First,E29Last,E29Address1,E29Address2,E29City,EB,29290,36920,E29@leveragedmedia.com,E29message
E30Business Name,E30Prefix,E30First,E30Last,E30Address1,E30Address2,E30City,EB,30300,36921,E30@leveragedmedia.com,E30message
E31Business Name,E31Prefix,E31First,E31Last,E31Address1,E31Address2,E31City,EB,31310,36922,E31@leveragedmedia.com,E31message
E32Business Name,E32Prefix,E32First,E32Last,E32Address1,E32Address2,E32City,EB,32320,36923,E32@leveragedmedia.com,E32message
E33Business Name,E33Prefix,E33First,E33Last,E33Address1,E33Address2,E33City,EB,33330,36924,,E33message
E34Business Name,E34Prefix,E34First,E34Last,E34Address1,E34Address2,E34City,EB,34340,36925,E34@leveragedmedia.com,E34message
E35Business Name,E35Prefix,E35First,E35Last,E35Address1,E35Address2,E35City,EB,35350,36926,,E35message
E36Business Name,E36Prefix,E36First,E36Last,E36Address1,E36Address2,E36City,EB,36360,36927,E36@leveragedmedia.com,E36message
E37Business Name,E37Prefix,E37First,E37Last,E37Address1,E37Address2,E37City,EB,37370,36928,,E37message
E38Business Name,E38Prefix,E38First,E38Last,E38Address1,E38Address2,E38City,EB,38380,36929,E38@leveragedmedia.com,E38message
E39Business Name,E39Prefix,E39First,E39Last,E39Address1,E39Address2,E39City,EB,39390,36930,,E39message
E40Business Name,E40Prefix,E40First,E40Last,,,E40City,EB,40400,36931,E40@leveragedmedia.com,E40message
E41Business Name,E41Prefix,E41First,E41Last,E41Address1,E41Address2,E41City,EB,41410,36932,E41@leveragedmedia.com,E41message
E42Business Name,E42Prefix,E42First,E42Last,,,E42City,EB,42420,36933,E42@leveragedmedia.com,E42message
E43Business Name,E43Prefix,E43First,E43Last,E43Address1,E43Address2,E43City,EB,43430,36934,E43@leveragedmedia.com,E43message
E44Business Name,E44Prefix,E44First,E44Last,,,E44City,EB,44440,36935,E44@leveragedmedia.com,E44message
E45Business Name,E45Prefix,E45First,E45Last,E45Address1,E45Address2,E45City,EB,45450,36936,E45@leveragedmedia.com,E45message
E46Business Name,E46Prefix,E46First,E46Last,,,E46City,EB,46460,36937,E46@leveragedmedia.com,E46message
E47Business Name,E47Prefix,E47First,E47Last,E47Address1,E47Address2,E47City,EB,47470,36938,E47@leveragedmedia.com,E47message
E48Business Name,E48Prefix,E48First,E48Last,E48Address1,E48Address2,E48City,EB,48480,36939,E48@leveragedmedia.com,E48message
E49Business Name,E49Prefix,E49First,E49Last,E49Address1,E49Address2,E49City,EB,49490,36940,E49@leveragedmedia.com,E49message
E50Business Name,E50Prefix,E50First,E50Last,E50Address1,E50Address2,E50City,EB,50500,36941,E50@leveragedmedia.com,E50message
