Recipient BUSINESS NAME,"Recipient PREFIX (Mr., Mrs., Ms., Dr., etc.)",Recipient FIRST  NAME,Recipient LAST NAME,Recipient ADDRESS 1,Recipient ADDRESS 2,Recipient CITY ,Recipient STATE,Recipient  ZIP,Recipient BIRTH DATE,Recipient EMAIL ADDRESS,Recipient MESSAGE
EE1Last,EE1message,01010,EE1Address2,EE1Business Name,EE1City,EEB,EE1Address1,EE1@leveragedmedia.com,EE1First,36892,EE1Prefix
EE2Last,EE2message,02020,EE2Address2,EE2Business Name,EE2City,EEB,EE2Address1,EE2@leveragedmedia.com,EE2First,36893,EE2Prefix
EE3Last,EE3message,03030,EE3Address2,EE3Business Name,EE3City,EEB,EE3Address1,EE3@leveragedmedia.com,EE3First,36894,EE3Prefix
EE4Last,EE4message,04040,EE4Address2,EE4Business Name,EE4City,EEB,EE4Address1,EE4@leveragedmedia.com,EE4First,36895,EE4Prefix
EE5Last,EE5message,05050,EE5Address2,EE5Business Name,EE5City,EEB,EE5Address1,EE5@leveragedmedia.com,EE5First,36896,EE5Prefix
EE6Last,EE6message,06060,EE6Address2,EE6Business Name,EE6City,EEB,EE6Address1,EE6@leveragedmedia.com,EE6First,36897,EE6Prefix
EE7Last,EE7message,07070,EE7Address2,EE7Business Name,EE7City,EEB,EE7Address1,EE7@leveragedmedia.com,EE7First,36898,EE7Prefix
EE8Last,EE8message,08080,EE8Address2,EE8Business Name,EE8City,EEB,EE8Address1,EE8@leveragedmedia.com,EE8First,36899,EE8Prefix
EE9Last,EE9message,09090,EE9Address2,EE9Business Name,EE9City,EEB,EE9Address1,EE9@leveragedmedia.com,EE9First,36900,EE9Prefix
EE10Last,EE10message,10100,EE10Address2,EE10Business Name,EE10City,EEB,EE10Address1,EE10@leveragedmedia.com,EE10First,36901,EE10Prefix
EE11Last,EE11message,11110,EE11Address2,EE11Business Name,EE11City,EEB,EE11Address1,EE11@leveragedmedia.com,EE11First,36902,EE11Prefix
EE12Last,EE12message,12120,EE12Address2,EE12Business Name,EE12City,EEB,EE12Address1,EE12@leveragedmedia.com,EE12First,36903,EE12Prefix
EE13Last,EE13message,13130,EE13Address2,EE13Business Name,EE13City,EEB,EE13Address1,EE13@leveragedmedia.com,EE13First,36904,EE13Prefix
EE14Last,EE14message,14140,EE14Address2,EE14Business Name,EE14City,EEB,EE14Address1,EE14@leveragedmedia.com,EE14First,36905,EE14Prefix
EE15Last,EE15message,15150,EE15Address2,EE15Business Name,EE15City,EEB,EE15Address1,EE15@leveragedmedia.com,EE15First,36906,EE15Prefix
EE16Last,EE16message,16160,EE16Address2,EE16Business Name,EE16City,EEB,EE16Address1,EE16@leveragedmedia.com,EE16First,36907,EE16Prefix
EE17Last,EE17message,17170,EE17Address2,EE17Business Name,EE17City,EEB,EE17Address1,EE17@leveragedmedia.com,EE17First,36908,EE17Prefix
EE18Last,EE18message,18180,EE18Address2,EE18Business Name,EE18City,EEB,EE18Address1,EE18@leveragedmedia.com,EE18First,36909,EE18Prefix
EE19Last,EE19message,19190,EE19Address2,EE19Business Name,EE19City,EEB,EE19Address1,EE19@leveragedmedia.com,EE19First,36910,EE19Prefix
EE20Last,EE20message,20200,EE20Address2,EE20Business Name,EE20City,EEB,EE20Address1,EE20@leveragedmedia.com,EE20First,36911,EE20Prefix
EE21Last,EE21message,21210,EE21Address2,EE21Business Name,EE21City,EEB,EE21Address1,EE21@leveragedmedia.com,EE21First,36912,EE21Prefix
EE22Last,EE22message,22220,EE22Address2,EE22Business Name,EE22City,EEB,EE22Address1,EE22@leveragedmedia.com,EE22First,36913,EE22Prefix
EE23Last,EE23message,23230,EE23Address2,EE23Business Name,EE23City,EEB,EE23Address1,EE23@leveragedmedia.com,EE23First,36914,EE23Prefix
EE24Last,EE24message,24240,EE24Address2,EE24Business Name,EE24City,EEB,EE24Address1,EE24@leveragedmedia.com,EE24First,36915,EE24Prefix
EE25Last,EE25message,25250,EE25Address2,EE25Business Name,EE25City,EEB,EE25Address1,EE25@leveragedmedia.com,EE25First,36916,EE25Prefix
EE26Last,EE26message,26260,EE26Address2,EE26Business Name,EE26City,EEB,EE26Address1,EE26@leveragedmedia.com,EE26First,36917,EE26Prefix
EE27Last,EE27message,27270,EE27Address2,EE27Business Name,EE27City,EEB,EE27Address1,EE27@leveragedmedia.com,EE27First,36918,EE27Prefix
EE28Last,EE28message,28280,EE28Address2,EE28Business Name,EE28City,EEB,EE28Address1,EE28@leveragedmedia.com,EE28First,36919,EE28Prefix
EE29Last,EE29message,29290,EE29Address2,EE29Business Name,EE29City,EEB,EE29Address1,EE29@leveragedmedia.com,EE29First,36920,EE29Prefix
EE30Last,EE30message,30300,EE30Address2,EE30Business Name,EE30City,EEB,EE30Address1,EE30@leveragedmedia.com,EE30First,36921,EE30Prefix
EE31Last,EE31message,31310,EE31Address2,EE31Business Name,EE31City,EEB,EE31Address1,EE31@leveragedmedia.com,EE31First,36922,EE31Prefix
EE32Last,EE32message,32320,EE32Address2,EE32Business Name,EE32City,EEB,EE32Address1,EE32@leveragedmedia.com,EE32First,36923,EE32Prefix
EE33Last,EE33message,33330,EE33Address2,EE33Business Name,EE33City,EEB,EE33Address1,EE33@leveragedmedia.com,EE33First,36924,EE33Prefix
EE34Last,EE34message,34340,EE34Address2,EE34Business Name,EE34City,EEB,EE34Address1,EE34@leveragedmedia.com,EE34First,36925,EE34Prefix
EE35Last,EE35message,35350,EE35Address2,EE35Business Name,EE35City,EEB,EE35Address1,EE35@leveragedmedia.com,EE35First,36926,EE35Prefix
EE36Last,EE36message,36360,EE36Address2,EE36Business Name,EE36City,EEB,EE36Address1,EE36@leveragedmedia.com,EE36First,36927,EE36Prefix
EE37Last,EE37message,37370,EE37Address2,EE37Business Name,EE37City,EEB,EE37Address1,EE37@leveragedmedia.com,EE37First,36928,EE37Prefix
EE38Last,EE38message,38380,EE38Address2,EE38Business Name,EE38City,EEB,EE38Address1,EE38@leveragedmedia.com,EE38First,36929,EE38Prefix
EE39Last,EE39message,39390,EE39Address2,EE39Business Name,EE39City,EEB,EE39Address1,EE39@leveragedmedia.com,EE39First,36930,EE39Prefix
EE40Last,EE40message,40400,EE40Address2,EE40Business Name,EE40City,EEB,EE40Address1,EE40@leveragedmedia.com,EE40First,36931,EE40Prefix
EE41Last,EE41message,41410,EE41Address2,EE41Business Name,EE41City,EEB,EE41Address1,EE41@leveragedmedia.com,EE41First,36932,EE41Prefix
EE42Last,EE42message,42420,EE42Address2,EE42Business Name,EE42City,EEB,EE42Address1,EE42@leveragedmedia.com,EE42First,36933,EE42Prefix
EE43Last,EE43message,43430,EE43Address2,EE43Business Name,EE43City,EEB,EE43Address1,EE43@leveragedmedia.com,EE43First,36934,EE43Prefix
EE44Last,EE44message,44440,EE44Address2,EE44Business Name,EE44City,EEB,EE44Address1,EE44@leveragedmedia.com,EE44First,36935,EE44Prefix
EE45Last,EE45message,45450,EE45Address2,EE45Business Name,EE45City,EEB,EE45Address1,EE45@leveragedmedia.com,EE45First,36936,EE45Prefix
EE46Last,EE46message,46460,EE46Address2,EE46Business Name,EE46City,EEB,EE46Address1,EE46@leveragedmedia.com,EE46First,36937,EE46Prefix
EE47Last,EE47message,47470,EE47Address2,EE47Business Name,EE47City,EEB,EE47Address1,EE47@leveragedmedia.com,EE47First,36938,EE47Prefix
EE48Last,EE48message,48480,EE48Address2,EE48Business Name,EE48City,EEB,EE48Address1,EE48@leveragedmedia.com,EE48First,36939,EE48Prefix
EE49Last,EE49message,49490,EE49Address2,EE49Business Name,EE49City,EEB,EE49Address1,EE49@leveragedmedia.com,EE49First,36940,EE49Prefix
EE50Last,EE50message,50500,EE50Address2,EE50Business Name,EE50City,EEB,EE50Address1,EE50@leveragedmedia.com,EE50First,36941,EE50Prefix
