Recipient BUSINESS NAME,"Recipient PREFIX (Mr., Mrs., Ms., Dr., etc.)",Recipient FIRST  NAME,Recipient LAST NAME,Recipient ADDRESS 1,Recipient ADDRESS 2,Recipient CITY ,Recipient STATE,Recipient  ZIP,Recipient BIRTH DATE,Recipient EMAIL ADDRESS,Recipient MESSAGE
H1Business Name,H1Prefix,H1First,H1Last,H1Address1,H1Address2,H1City,HB,1010,36892,H1@leveragedmedia.com,H1message
H2Business Name,H2Prefix,H2First,H2Last,H2Address1,H2Address2,H2City,HB,2020,36893,H2@leveragedmedia.com,H2message
H3Business Name,H3Prefix,H3First,H3Last,H3Address1,H3Address2,H3City,HB,3030,36894,H3@leveragedmedia.com,H3message
H4Business Name,H4Prefix,H4First,H4Last,H4Address1,H4Address2,H4City,HB,4040,36895,H4@leveragedmedia.com,H4message
H5Business Name,H5Prefix,H5First,H5Last,H5Address1,H5Address2,H5City,HB,5050,36896,H5@leveragedmedia.com,H5message
H6Business Name,H6Prefix,H6First,H6Last,H6Address1,H6Address2,H6City,HB,6060,36897,H6@leveragedmedia.com,H6message
H7Business Name,H7Prefix,H7First,H7Last,H7Address1,H7Address2,H7City,HB,7070,36898,H7@leveragedmedia.com,H7message
H8Business Name,H8Prefix,H8First,H8Last,H8Address1,H8Address2,H8City,HB,8080,36899,H8@leveragedmedia.com,H8message
H9Business Name,H9Prefix,H9First,H9Last,H9Address1,H9Address2,H9City,HB,9090,36900,H9@leveragedmedia.com,H9message
H10Business Name,H10Prefix,H10First,H10Last,H10Address1,H10Address2,H10City,HB,10100,36901,H10@leveragedmedia.com,H10message
H11Business Name,H11Prefix,H11First,H11Last,H11Address1,H11Address2,H11City,HB,11110,36902,H11@leveragedmedia.com,H11message
H12Business Name,H12Prefix,H12First,H12Last,H12Address1,H12Address2,H12City,HB,12120,36903,H12@leveragedmedia.com,H12message
H13Business Name,H13Prefix,H13First,H13Last,H13Address1,H13Address2,H13City,HB,13130,36904,H13@leveragedmedia.com,H13message
H14Business Name,H14Prefix,H14First,H14Last,H14Address1,H14Address2,H14City,HB,14140,36905,H14@leveragedmedia.com,H14message
H15Business Name,H15Prefix,H15First,H15Last,H15Address1,H15Address2,H15City,HB,15150,36906,H15@leveragedmedia.com,H15message
H16Business Name,H16Prefix,H16First,H16Last,H16Address1,H16Address2,H16City,HB,16160,36907,H16@leveragedmedia.com,H16message
H17Business Name,H17Prefix,H17First,H17Last,H17Address1,H17Address2,H17City,HB,17170,36908,H17@leveragedmedia.com,H17message
H18Business Name,H18Prefix,H18First,H18Last,H18Address1,H18Address2,H18City,HB,18180,36909,H18@leveragedmedia.com,H18message
H19Business Name,H19Prefix,H19First,H19Last,H19Address1,H19Address2,H19City,HB,19190,36910,H19@leveragedmedia.com,H19message
H20Business Name,H20Prefix,H20First,H20Last,H20Address1,H20Address2,H20City,HB,20200,36911,H20@leveragedmedia.com,H20message
H21Business Name,H21Prefix,H21First,H21Last,H21Address1,H21Address2,H21City,HB,21210,36912,H21@leveragedmedia.com,H21message
H22Business Name,H22Prefix,H22First,H22Last,H22Address1,H22Address2,H22City,HB,22220,36913,H22@leveragedmedia.com,H22message
H23Business Name,H23Prefix,H23First,H23Last,H23Address1,H23Address2,H23City,HB,23230,36914,H23@leveragedmedia.com,H23message
H24Business Name,H24Prefix,H24First,H24Last,H24Address1,H24Address2,H24City,HB,24240,36915,H24@leveragedmedia.com,H24message
H25Business Name,H25Prefix,H25First,H25Last,H25Address1,H25Address2,H25City,HB,25250,36916,H25@leveragedmedia.com,H25message
H26Business Name,H26Prefix,H26First,H26Last,H26Address1,H26Address2,H26City,HB,26260,36917,H26@leveragedmedia.com,H26message
H27Business Name,H27Prefix,H27First,H27Last,H27Address1,H27Address2,H27City,HB,27270,36918,H27@leveragedmedia.com,H27message
H28Business Name,H28Prefix,H28First,H28Last,H28Address1,H28Address2,H28City,HB,28280,36919,H28@leveragedmedia.com,H28message
H29Business Name,H29Prefix,H29First,H29Last,H29Address1,H29Address2,H29City,HB,29290,36920,H29@leveragedmedia.com,H29message
H30Business Name,H30Prefix,H30First,H30Last,H30Address1,H30Address2,H30City,HB,30300,36921,H30@leveragedmedia.com,H30message
H31Business Name,H31Prefix,H31First,H31Last,H31Address1,H31Address2,H31City,HB,31310,36922,H31@leveragedmedia.com,H31message
H32Business Name,H32Prefix,H32First,H32Last,H32Address1,H32Address2,H32City,HB,32320,36923,H32@leveragedmedia.com,H32message
H33Business Name,H33Prefix,H33First,H33Last,H33Address1,H33Address2,H33City,HB,33330,36924,H33@leveragedmedia.com,H33message
H34Business Name,H34Prefix,H34First,H34Last,H34Address1,H34Address2,H34City,HB,34340,36925,H34@leveragedmedia.com,H34message
H35Business Name,H35Prefix,H35First,H35Last,H35Address1,H35Address2,H35City,HB,35350,36926,H35@leveragedmedia.com,H35message
H36Business Name,H36Prefix,H36First,H36Last,H36Address1,H36Address2,H36City,HB,36360,36927,H36@leveragedmedia.com,H36message
H37Business Name,H37Prefix,H37First,H37Last,H37Address1,H37Address2,H37City,HB,37370,36928,H37@leveragedmedia.com,H37message
H38Business Name,H38Prefix,H38First,H38Last,,,H38City,HB,38380,36929,,H38message
H39Business Name,H39Prefix,H39First,H39Last,H39Address1,H39Address2,H39City,HB,39390,36930,H39@leveragedmedia.com,H39message
H40Business Name,H40Prefix,H40First,H40Last,,,H40City,HB,40400,36931,,H40message
H41Business Name,H41Prefix,H41First,H41Last,H41Address1,H41Address2,H41City,HB,41410,36932,H41@leveragedmedia.com,H41message
H42Business Name,H42Prefix,H42First,H42Last,,,H42City,HB,42420,36933,,H42message
H43Business Name,H43Prefix,H43First,H43Last,H43Address1,H43Address2,H43City,HB,43430,36934,H43@leveragedmedia.com,H43message
H44Business Name,H44Prefix,H44First,H44Last,,,H44City,HB,44440,36935,,H44message
H45Business Name,H45Prefix,H45First,H45Last,H45Address1,H45Address2,H45City,HB,45450,36936,H45@leveragedmedia.com,H45message
H46Business Name,H46Prefix,H46First,H46Last,,,H46City,HB,46460,36937,,H46message
H47Business Name,H47Prefix,H47First,H47Last,H47Address1,H47Address2,H47City,HB,47470,36938,H47@leveragedmedia.com,H47message
H48Business Name,H48Prefix,H48First,H48Last,,,H48City,HB,48480,36939,,H48message
H49Business Name,H49Prefix,H49First,H49Last,H49Address1,H49Address2,H49City,HB,49490,36940,H49@leveragedmedia.com,H49message
H50Business Name,H50Prefix,H50First,H50Last,,,H50City,HB,50500,36941,,H50message
