Recipient BUSINESS NAME,"Recipient PREFIX (Mr., Mrs., Ms., Dr., etc.)",Recipient FIRST  NAME,Recipient LAST NAME,Recipient ADDRESS 1,Recipient ADDRESS 2,Recipient CITY ,Recipient STATE,Recipient  ZIP,Recipient BIRTH DATE,Recipient EMAIL ADDRESS,Recipient MESSAGE
I1Business Name,I1Prefix,I1First,I1Last,I1Address1,I1Address2,I1City,IB,1010,36892,I1@leveragedmedia.com,I1message
I2Business Name,I2Prefix,I2First,I2Last,I2Address1,I2Address2,I2City,IB,2020,36893,I2@leveragedmedia.com,I2message
I3Business Name,I3Prefix,I3First,I3Last,I3Address1,I3Address2,I3City,IB,3030,36894,I3@leveragedmedia.com,I3message
I4Business Name,I4Prefix,I4First,I4Last,I4Address1,I4Address2,I4City,IB,4040,36895,I4@leveragedmedia.com,I4message
I5Business Name,I5Prefix,I5First,I5Last,I5Address1,I5Address2,I5City,IB,5050,36896,I5@leveragedmedia.com,I5message
I6Business Name,I6Prefix,I6First,I6Last,I6Address1,I6Address2,I6City,IB,6060,36897,I6@leveragedmedia.com,I6message
I7Business Name,I7Prefix,I7First,I7Last,I7Address1,I7Address2,I7City,IB,7070,36898,I7@leveragedmedia.com,I7message
I8Business Name,I8Prefix,I8First,I8Last,I8Address1,I8Address2,I8City,IB,8080,36899,I8@leveragedmedia.com,I8message
I9Business Name,I9Prefix,I9First,I9Last,I9Address1,I9Address2,I9City,IB,9090,36900,I9@leveragedmedia.com,I9message
I10Business Name,I10Prefix,I10First,I10Last,I10Address1,I10Address2,I10City,IB,10100,36901,I10@leveragedmedia.com,I10message
I11Business Name,I11Prefix,I11First,I11Last,I11Address1,I11Address2,I11City,IB,11110,36902,I11@leveragedmedia.com,I11message
I12Business Name,I12Prefix,I12First,I12Last,I12Address1,I12Address2,I12City,IB,12120,36903,I12@leveragedmedia.com,I12message
I13Business Name,I13Prefix,I13First,I13Last,I13Address1,I13Address2,I13City,IB,13130,36904,I13@leveragedmedia.com,I13message
I14Business Name,I14Prefix,I14First,I14Last,I14Address1,I14Address2,I14City,IB,14140,36905,I14@leveragedmedia.com,I14message
I15Business Name,I15Prefix,I15First,I15Last,I15Address1,I15Address2,I15City,IB,15150,36906,I15@leveragedmedia.com,I15message
I16Business Name,I16Prefix,I16First,I16Last,I16Address1,I16Address2,I16City,IB,16160,36907,I16@leveragedmedia.com,I16message
I17Business Name,I17Prefix,I17First,I17Last,I17Address1,I17Address2,I17City,IB,17170,36908,I17@leveragedmedia.com,I17message
I18Business Name,I18Prefix,I18First,I18Last,I18Address1,I18Address2,I18City,IB,18180,36909,I18@leveragedmedia.com,I18message
I19Business Name,I19Prefix,I19First,I19Last,I19Address1,I19Address2,I19City,IB,19190,36910,I19@leveragedmedia.com,I19message
I20Business Name,I20Prefix,I20First,I20Last,I20Address1,I20Address2,I20City,IB,20200,36911,I20@leveragedmedia.com,I20message
I21Business Name,I21Prefix,I21First,I21Last,I21Address1,I21Address2,I21City,IB,21210,36912,I21@leveragedmedia.com,I21message
I22Business Name,I22Prefix,I22First,I22Last,I22Address1,I22Address2,I22City,IB,22220,36913,I22@leveragedmedia.com,I22message
I23Business Name,I23Prefix,I23First,I23Last,I23Address1,I23Address2,I23City,IB,23230,36914,I23@leveragedmedia.com,I23message
I24Business Name,I24Prefix,I24First,I24Last,I24Address1,I24Address2,I24City,IB,24240,36915,I24@leveragedmedia.com,I24message
I25Business Name,I25Prefix,I25First,I25Last,I25Address1,I25Address2,I25City,IB,25250,36916,I25@leveragedmedia.com,I25message
I26Business Name,I26Prefix,I26First,I26Last,I26Address1,I26Address2,I26City,IB,26260,36917,I26@leveragedmedia.com,I26message
I27Business Name,I27Prefix,I27First,I27Last,I27Address1,I27Address2,I27City,IB,27270,36918,I27@leveragedmedia.com,I27message
I28Business Name,I28Prefix,I28First,I28Last,I28Address1,I28Address2,I28City,IB,28280,36919,I28@leveragedmedia.com,I28message
I29Business Name,I29Prefix,I29First,I29Last,I29Address1,I29Address2,I29City,IB,29290,36920,I29@leveragedmedia.com,I29message
I30Business Name,I30Prefix,I30First,I30Last,I30Address1,I30Address2,I30City,IB,30300,36921,I30@leveragedmedia.com,I30message
I31Business Name,I31Prefix,I31First,I31Last,I31Address1,I31Address2,I31City,IB,31310,36922,I31@leveragedmedia.com,I31message
I32Business Name,I32Prefix,I32First,I32Last,I32Address1,I32Address2,I32City,IB,32320,36923,I32@leveragedmedia.com,I32message
I33Business Name,I33Prefix,I33First,I33Last,I33Address1,I33Address2,I33City,IB,33330,36924,I33@leveragedmedia.com,I33message
I34Business Name,I34Prefix,I34First,I34Last,I34Address1,I34Address2,I34City,IB,34340,36925,I34@leveragedmedia.com,I34message
I35Business Name,I35Prefix,I35First,I35Last,I35Address1,I35Address2,I35City,IB,35350,36926,I35@leveragedmedia.com,I35message
I36Business Name,I36Prefix,I36First,I36Last,I36Address1,I36Address2,I36City,IB,36360,36927,I36@leveragedmedia.com,I36message
I37Business Name,I37Prefix,I37First,I37Last,I37Address1,I37Address2,I37City,IB,37370,36928,I37@leveragedmedia.com,I37message
I38Business Name,I38Prefix,I38First,I38Last,I38Address1,I38Address2,I38City,IB,38380,36929,I38@leveragedmedia.com,I38message
I39Business Name,I39Prefix,I39First,I39Last,I39Address1,I39Address2,I39City,IB,39390,36930,I39@leveragedmedia.com,I39message
I43Business Name,I43Prefix,I43First,I43Last,,,I43City,IB,43430,36934,,I43message
I44Business Name,I44Prefix,I44First,I44Last,,,I44City,IB,44440,36935,,I44message
I45Business Name,I45Prefix,I45First,I45Last,,,I45City,IB,45450,36936,,I45message
I46Business Name,I46Prefix,I46First,I46Last,,,I46City,IB,46460,36937,,I46message
I47Business Name,I47Prefix,I47First,I47Last,,,I47City,IB,47470,36938,,I47message
I48Business Name,I48Prefix,I48First,I48Last,,,I48City,IB,48480,36939,,I48message
I49Business Name,I49Prefix,I49First,I49Last,,,I49City,IB,49490,36940,,I49message
I50Business Name,I50Prefix,I50First,I50Last,,,I50City,IB,50500,36941,,I50message
